source,headline
cna,Indonesian teen's diary and online trail reveal path to Jakarta mosque blasts
cna,Japanese seafood caught up in escalating diplomatic dispute with China
cna,Japanese governor set to approve restart of world's biggest nuclear plant
cna,"Floods hit Vietnam again, killing at least 8, hindering coffee harvest"
cna,Stocks struggle as Nvidia takes centre stage amid AI bubble fears
cna,"Cargo plane engine accelerated before fatal Hong Kong crash, investigators say"
cna,"One missing, 175 evacuated in Japan fire"
cna,Commentary: Indonesia’s U-turn on rupiah redenomination was the right move
cna,IN FOCUS: The dreams and perils of moving capitals in a changing Asia
cna,"‘Friendly’ fights between partners, and hot seats: 5 things to watch at Sabah state election"
cna,FIFA to probe ‘internal operations’ of Malaysia FA in twist to foreign-born footballers forgery saga
cna,As it happened: Singapore end long wait for Asian Cup qualification after victory in Hong Kong
cna,"First charges in Philippine flood control scandal target ex-lawmaker, officials"
cna,China-Japan diplomatic row: What’s driving Beijing’s anger - and why this time is different
cna,AT&S expands in Malaysia as global AI demand accelerates
cna,Apple takes 25% share of China smartphone market in October on iPhone 17 demand
cna,Ousted Bangladesh PM Hasina’s death sentence could deepen country’s political crisis: Analysts
cna,"491,000 Japan-bound air tickets cancelled as China warns people to avoid travel amid spat"
cna,Australian inmate sues for right to eat Vegemite in prison
cna,Malaysian girl group Dolla’s ‘immoral’ video pulled over religious backlash
